<!--<?xml version = "1.0" encoding = "utf-8"?>
<!DOCTYPE hibernate-mapping PUBLIC
        "-//Hibernate/Hibernate Mapping DTD//EN"
        "http://www.hibernate.org/dtd/hibernate-mapping-3.0.dtd">

<hibernate-mapping package="com.mycompany.luka">
    <class name="AutoDio" table="auto_dijelovi">
        <id name="Id" type="int" column="id">
            <generator class="increment"></generator>
        </id>
        <property name="naziv"></property>
        <property name="sifra"></property>
        <property name="cijena" type="big_decimal"></property>
    </class>
</hibernate-mapping>  -->
